Protocollo;Gruppo;DataOraIncidente;Localizzazione1;STRADA1;Localizzazione2;STRADA2;Strada02;Chilometrica;DaSpecificare;NaturaIncidente;particolaritastrade;TipoStrada;FondoStradale;Pavimentazione;Segnaletica;CondizioneAtmosferica;Traffico;Visibilita;Illuminazione;NUM_FERITI;NUM_RISERVATA;NUM_MORTI;NUM_ILLESI;Longitudine;Latitudine;Confermato;Progressivo;TipoVeicolo;StatoVeicolo;TipoPersona;Sesso;Tipolesione;Deceduto;DecedutoDopo;CinturaCascoUtilizzato;Airbag
1755434;13;12/03/2008 08:50;Strada Urbana;VIA DEL MARE;all'intersezione semaforizzata con;VIA DI CASTEL FUSANO;VIA DI CASTEL FUSANO;;;Scontro laterale fra veicoli in marcia;Incrocio;Una carreggiata a senso unico di marcia;Asciutto;Asfaltata;Verticale ed orizzontale;Sereno;Normale;Buona;Ore Diurne;0;0;0;2;;;-1;2;Autovettura privata;In marcia / fermata / arresto;Conducente;M;Illeso;0;;Non accertato;Inesploso
1755435;13;12/03/2008 09:40;Strada Urbana;VIA PIETRO BENEDETTI;in corrispondenza;;del civico n. ;89;;Veicolo in marcia contro veicolo in sosta;Rettilineo;Una carreggiata a senso unico di marcia;Asciutto;Asfaltata;Orizzontale;Sereno;Scarso;Buona;Ore Diurne;0;0;0;1;;;-1;2;Autovettura privata;In marcia / fermata / arresto;Conducente;M;Illeso;0;;Non accertato;Inesploso
1755436;13;12/03/2008 17:00;Provinciale;VIA DEL MARE;in prossimità;;della chilometrica ;22;;Tamponamento;Rettilineo;Una carreggiata a doppio senso;Asciutto;Asfaltata;Verticale ed orizzontale;Nuvoloso;Normale;Buona;Ore Diurne;0;0;0;2;;;-1;1;Autovettura privata;In marcia / fermata / arresto;Conducente;F;Illeso;0;;Non accertato;Inesistente
1755436;13;12/03/2008 17:00;Provinciale;VIA DEL MARE;in prossimità;;della chilometrica ;22;;Tamponamento;Rettilineo;Una carreggiata a doppio senso;Asciutto;Asfaltata;Verticale ed orizzontale;Nuvoloso;Normale;Buona;Ore Diurne;0;0;0;2;;;-1;2;Autocarro inferiore 35 q.;In marcia / fermata / arresto;Conducente;M;Illeso;0;;Non accertato;Inesploso
1755437;13;13/03/2008 08:00;Strada Urbana;VIA EUGENIO CISTERNA;all'intersezione con;VIA DI ACILIA;VIA DI ACILIA;;;Scontro frontale fra veicoli in marcia;Incrocio;Una carreggiata a doppio senso;Asciutto;Asfaltata;Verticale;Sereno;Normale;Buona;Ore Diurne;0;0;0;3;;;-1;1;Autovettura privata;In marcia / fermata / arresto;Conducente;M;Illeso;0;;Non accertato;Inesploso
1755437;13;13/03/2008 08:00;Strada Urbana;VIA EUGENIO CISTERNA;all'intersezione con;VIA DI ACILIA;VIA DI ACILIA;;;Scontro frontale fra veicoli in marcia;Incrocio;Una carreggiata a doppio senso;Asciutto;Asfaltata;Verticale;Sereno;Normale;Buona;Ore Diurne;0;0;0;3;;;-1;1;Autovettura privata;In marcia / fermata / arresto;Passeggero;F;Illeso;0;;Non accertato;Inesploso
1755437;13;13/03/2008 08:00;Strada Urbana;VIA EUGENIO CISTERNA;all'intersezione con;VIA DI ACILIA;VIA DI ACILIA;;;Scontro frontale fra veicoli in marcia;Incrocio;Una carreggiata a doppio senso;Asciutto;Asfaltata;Verticale;Sereno;Normale;Buona;Ore Diurne;0;0;0;3;;;-1;2;Autovettura privata;In marcia / fermata / arresto;Conducente;M;Illeso;0;;Non accertato;Inesploso
1755438;13;13/03/2008 11:30;Strada Urbana;PIAZZA TOLOSETTO FARINATI DEGLI UBERTI;all'intersezione con;VIA ALESSANDRO PIOLA CASELLI;VIA ALESSANDRO PIOLA CASELLI;;;Scontro frontale/laterale SX fra veicoli in marcia;Incrocio;Una carreggiata a doppio senso;Asciutto;Asfaltata;Verticale ed orizzontale;Sereno;Normale;Buona;Ore Diurne;0;0;0;5;;;-1;1;Autovettura privata;In marcia / fermata / arresto;Conducente;M;Illeso;0;;Non accertato;Inesistente
1755438;13;13/03/2008 11:30;Strada Urbana;PIAZZA TOLOSETTO FARINATI DEGLI UBERTI;all'intersezione con;VIA ALESSANDRO PIOLA CASELLI;VIA ALESSANDRO PIOLA CASELLI;;;Scontro frontale/laterale SX fra veicoli in marcia;Incrocio;Una carreggiata a doppio senso;Asciutto;Asfaltata;Verticale ed orizzontale;Sereno;Normale;Buona;Ore Diurne;0;0;0;5;;;-1;1;Autovettura privata;In marcia / fermata / arresto;Passeggero;F;Illeso;0;;Non accertato;Inesistente
1755438;13;13/03/2008 11:30;Strada Urbana;PIAZZA TOLOSETTO FARINATI DEGLI UBERTI;all'intersezione con;VIA ALESSANDRO PIOLA CASELLI;VIA ALESSANDRO PIOLA CASELLI;;;Scontro frontale/laterale SX fra veicoli in marcia;Incrocio;Una carreggiata a doppio senso;Asciutto;Asfaltata;Verticale ed orizzontale;Sereno;Normale;Buona;Ore Diurne;0;0;0;5;;;-1;2;Autovettura privata;In marcia / fermata / arresto;Conducente;F;Illeso;0;;Non accertato;Inesistente
1755438;13;13/03/2008 11:30;Strada Urbana;PIAZZA TOLOSETTO FARINATI DEGLI UBERTI;all'intersezione con;VIA ALESSANDRO PIOLA CASELLI;VIA ALESSANDRO PIOLA CASELLI;;;Scontro frontale/laterale SX fra veicoli in marcia;Incrocio;Una carreggiata a doppio senso;Asciutto;Asfaltata;Verticale ed orizzontale;Sereno;Normale;Buona;Ore Diurne;0;0;0;5;;;-1;2;Autovettura privata;In marcia / fermata / arresto;Passeggero;F;Illeso;0;;Non accertato;Inesistente
1755438;13;13/03/2008 11:30;Strada Urbana;PIAZZA TOLOSETTO FARINATI DEGLI UBERTI;all'intersezione con;VIA ALESSANDRO PIOLA CASELLI;VIA ALESSANDRO PIOLA CASELLI;;;Scontro frontale/laterale SX fra veicoli in marcia;Incrocio;Una carreggiata a doppio senso;Asciutto;Asfaltata;Verticale ed orizzontale;Sereno;Normale;Buona;Ore Diurne;0;0;0;5;;;-1;2;Autovettura privata;In marcia / fermata / arresto;Passeggero;F;Illeso;0;;Non accertato;Inesistente
1755439;13;13/03/2008 15:45;Strada Urbana;VIA RIFIANO;all'intersezione con;VIA PREDOI;VIA PREDOI;;;Scontro frontale/laterale SX fra veicoli in marcia;Incrocio;Una carreggiata a doppio senso;Asciutto;Asfaltata;Assente;Sereno;Scarso;Buona;Ore Diurne;1;0;0;1;;;-1;1;Autovettura privata;In marcia / fermata / arresto;Conducente;F;Rimandato;0;NON DECEDUTO;Non accertato;Inesistente
1755439;13;13/03/2008 15:45;Strada Urbana;VIA RIFIANO;all'intersezione con;VIA PREDOI;VIA PREDOI;;;Scontro frontale/laterale SX fra veicoli in marcia;Incrocio;Una carreggiata a doppio senso;Asciutto;Asfaltata;Assente;Sereno;Scarso;Buona;Ore Diurne;1;0;0;1;;;-1;2;Autovettura privata;In marcia / fermata / arresto;Conducente;M;Illeso;0;;Non accertato;Inesistente
1755440;13;13/03/2008 18:00;Strada Urbana;VIA SENOFANE;all'intersezione con;VIA TIRTEO;VIA TIRTEO;;;Scontro laterale fra veicoli in marcia;Incrocio;Una carreggiata a doppio senso;Asciutto;Asfaltata;Assente;Sereno;Normale;Buona;Ore Diurne;0;0;0;5;;;-1;1;Autovettura privata;In marcia / fermata / arresto;Conducente;F;Illeso;0;;Non accertato;Inesistente
1755440;13;13/03/2008 18:00;Strada Urbana;VIA SENOFANE;all'intersezione con;VIA TIRTEO;VIA TIRTEO;;;Scontro laterale fra veicoli in marcia;Incrocio;Una carreggiata a doppio senso;Asciutto;Asfaltata;Assente;Sereno;Normale;Buona;Ore Diurne;0;0;0;5;;;-1;1;Autovettura privata;In marcia / fermata / arresto;Passeggero;F;Illeso;0;;Non accertato;Inesistente
1755440;13;13/03/2008 18:00;Strada Urbana;VIA SENOFANE;all'intersezione con;VIA TIRTEO;VIA TIRTEO;;;Scontro laterale fra veicoli in marcia;Incrocio;Una carreggiata a doppio senso;Asciutto;Asfaltata;Assente;Sereno;Normale;Buona;Ore Diurne;0;0;0;5;;;-1;1;Autovettura privata;In marcia / fermata / arresto;Passeggero;F;Illeso;0;;Non accertato;Inesistente
1755440;13;13/03/2008 18:00;Strada Urbana;VIA SENOFANE;all'intersezione con;VIA TIRTEO;VIA TIRTEO;;;Scontro laterale fra veicoli in marcia;Incrocio;Una carreggiata a doppio senso;Asciutto;Asfaltata;Assente;Sereno;Normale;Buona;Ore Diurne;0;0;0;5;;;-1;2;Motociclo con passeggero;In marcia / fermata / arresto;Conducente;M;Illeso;0;;Non accertato;Inesistente
1755440;13;13/03/2008 18:00;Strada Urbana;VIA SENOFANE;all'intersezione con;VIA TIRTEO;VIA TIRTEO;;;Scontro laterale fra veicoli in marcia;Incrocio;Una carreggiata a doppio senso;Asciutto;Asfaltata;Assente;Sereno;Normale;Buona;Ore Diurne;0;0;0;5;;;-1;2;Motociclo con passeggero;In marcia / fermata / arresto;Passeggero;M;Illeso;0;;Non accertato;Inesistente
1755441;13;13/03/2008 19:00;Strada Urbana;VIALE DELLA VITTORIA;all'intersezione con;VIALE DELLA PINETA DI OSTIA;VIALE DELLA PINETA DI OSTIA;;;Scontro frontale/laterale DX fra veicoli in marcia;Incrocio;Due carreggiate;Asciutto;Asfaltata;Verticale ed orizzontale;Sereno;Scarso;Buona;Sufficiente;1;0;0;1;;;-1;1;Autovettura privata;In marcia / fermata / arresto;Conducente;M;Illeso;0;;Non accertato;Inesistente
1755441;13;13/03/2008 19:00;Strada Urbana;VIALE DELLA VITTORIA;all'intersezione con;VIALE DELLA PINETA DI OSTIA;VIALE DELLA PINETA DI OSTIA;;;Scontro frontale/laterale DX fra veicoli in marcia;Incrocio;Due carreggiate;Asciutto;Asfaltata;Verticale ed orizzontale;Sereno;Scarso;Buona;Sufficiente;1;0;0;1;;;-1;2;Autovettura privata;In marcia / fermata / arresto;Conducente;F;Rimandato;0;NON DECEDUTO;Non accertato;Inesistente
1755442;13;14/03/2008 09:05;Strada Urbana;VIA DELLE CANARIE;in prossimità;;del civico n. ;13;;Scontro laterale fra veicoli in marcia;Rettilineo;Una carreggiata a doppio senso;Asciutto;Asfaltata;Assente;Sereno;Normale;Buona;Ore Diurne;0;0;0;2;;;-1;1;Autovettura privata;In marcia / fermata / arresto;Conducente;M;Illeso;0;;Non accertato;Inesistente
1755442;13;14/03/2008 09:05;Strada Urbana;VIA DELLE CANARIE;in prossimità;;del civico n. ;13;;Scontro laterale fra veicoli in marcia;Rettilineo;Una carreggiata a doppio senso;Asciutto;Asfaltata;Assente;Sereno;Normale;Buona;Ore Diurne;0;0;0;2;;;-1;2;Autovettura privata;In marcia / fermata / arresto;Conducente;F;Illeso;0;;Non accertato;Inesistente
1755443;13;14/03/2008 10:20;Strada Urbana;VIA CARLO CASINI;all'intersezione con;VIA PIETRO BENEDETTI;VIA PIETRO BENEDETTI;;;Scontro frontale/laterale DX fra veicoli in marcia;Incrocio;Una carreggiata a senso unico di marcia;Asciutto;Asfaltata;Assente;Sereno;Normale;Buona;Ore Diurne;0;0;0;2;;;-1;1;Autovettura privata;In marcia / fermata / arresto;Conducente;F;Illeso;0;;Non accertato;Inesistente
1755443;13;14/03/2008 10:20;Strada Urbana;VIA CARLO CASINI;all'intersezione con;VIA PIETRO BENEDETTI;VIA PIETRO BENEDETTI;;;Scontro frontale/laterale DX fra veicoli in marcia;Incrocio;Una carreggiata a senso unico di marcia;Asciutto;Asfaltata;Assente;Sereno;Normale;Buona;Ore Diurne;0;0;0;2;;;-1;2;Autovettura privata;In marcia / fermata / arresto;Conducente;M;Illeso;0;;Non accertato;Inesistente
1755444;13;14/03/2008 11:15;Strada Urbana;VIA ALGAJOLA;in corrispondenza;;del civico n. ;10;;Scontro laterale fra veicoli in marcia;Rettilineo;Una carreggiata a doppio senso;Asciutto;Asfaltata;Orizzontale;Sereno;Normale;Buona;Ore Diurne;0;0;0;2;;;-1;1;Autovettura privata;In marcia / fermata / arresto;Conducente;M;Illeso;0;;Non accertato;Inesistente
1755444;13;14/03/2008 11:15;Strada Urbana;VIA ALGAJOLA;in corrispondenza;;del civico n. ;10;;Scontro laterale fra veicoli in marcia;Rettilineo;Una carreggiata a doppio senso;Asciutto;Asfaltata;Orizzontale;Sereno;Normale;Buona;Ore Diurne;0;0;0;2;;;-1;2;Autovettura privata;In marcia / fermata / arresto;Conducente;M;Illeso;0;;Non accertato;Inesistente
1755445;13;14/03/2008 12:30;Strada Urbana;VIA UMBERTO LILLONI;all'intersezione con;VIA AMEDEO BOCCHI;VIA AMEDEO BOCCHI;;;Scontro laterale fra veicoli in marcia;Intersezione stradale segnalata;Una carreggiata a senso unico di marcia;Asciutto;Asfaltata;Verticale ed orizzontale;Sereno;Normale;Buona;Ore Diurne;0;0;0;2;;;-1;1;Autovettura privata;In marcia / fermata / arresto;Conducente;M;Illeso;0;;Non accertato;Inesploso
1755445;13;14/03/2008 12:30;Strada Urbana;VIA UMBERTO LILLONI;all'intersezione con;VIA AMEDEO BOCCHI;VIA AMEDEO BOCCHI;;;Scontro laterale fra veicoli in marcia;Intersezione stradale segnalata;Una carreggiata a senso unico di marcia;Asciutto;Asfaltata;Verticale ed orizzontale;Sereno;Normale;Buona;Ore Diurne;0;0;0;2;;;-1;2;Autovettura privata;In marcia / fermata / arresto;Conducente;M;Illeso;0;;Non accertato;Inesploso
1755446;13;14/03/2008 12:30;Strada Urbana;PIAZZA GIULIANO DELLA ROVERE;in prossimità;;del civico n. ;16;;Scontro frontale fra veicoli in marcia;Rettilineo;Due carreggiate;Asciutto;Asfaltata;Orizzontale;Sereno;Normale;Buona;Ore Diurne;0;0;0;1;;;-1;1;Autovettura privata;In marcia / fermata / arresto;Conducente;M;Illeso;0;;Non accertato;Inesploso
1755447;13;14/03/2008 12:45;Strada Urbana;VIA DOMENICO BAFFIGO;in corrispondenza;;del civico n. ;85;;Scontro laterale fra veicoli in marcia;Rettilineo;Una carreggiata a doppio senso;Asciutto;Asfaltata;Assente;Sereno;Scarso;Buona;Ore Diurne;1;1;0;1;;;-1;1;Motociclo a solo;In marcia / fermata / arresto;Conducente;M;Illeso;0;;Non accertato;Inesistente
1755447;13;14/03/2008 12:45;Strada Urbana;VIA DOMENICO BAFFIGO;in corrispondenza;;del civico n. ;85;;Scontro laterale fra veicoli in marcia;Rettilineo;Una carreggiata a doppio senso;Asciutto;Asfaltata;Assente;Sereno;Scarso;Buona;Ore Diurne;1;1;0;1;;;-1;1;Motociclo a solo;In marcia / fermata / arresto;Passeggero;M;Rimandato;0;NON DECEDUTO;Non accertato;Inesistente
1755447;13;14/03/2008 12:45;Strada Urbana;VIA DOMENICO BAFFIGO;in corrispondenza;;del civico n. ;85;;Scontro laterale fra veicoli in marcia;Rettilineo;Una carreggiata a doppio senso;Asciutto;Asfaltata;Assente;Sereno;Scarso;Buona;Ore Diurne;1;1;0;1;;;-1;2;Velocipede;In marcia / fermata / arresto;Conducente;M;Prognosi riservata;0;NON DECEDUTO;Esente;Inesistente
1755448;13;14/03/2008 17:40;Strada Urbana;VIA ALFIANELLO;all'intersezione con;VIA DI DRAGONE;VIA DI DRAGONE;;;Veicolo in marcia contro veicolo fermo;Incrocio;Una carreggiata a doppio senso;Asciutto;Asfaltata;Verticale ed orizzontale;Sereno;Normale;Buona;Ore Diurne;0;0;0;2;;;-1;1;Autovettura privata;In marcia / fermata / arresto;Conducente;M;Illeso;0;;Non accertato;Inesploso
1755448;13;14/03/2008 17:40;Strada Urbana;VIA ALFIANELLO;all'intersezione con;VIA DI DRAGONE;VIA DI DRAGONE;;;Veicolo in marcia contro veicolo fermo;Incrocio;Una carreggiata a doppio senso;Asciutto;Asfaltata;Verticale ed orizzontale;Sereno;Normale;Buona;Ore Diurne;0;0;0;2;;;-1;2;Autovettura privata;In marcia / fermata / arresto;Conducente;F;Illeso;0;;Non accertato;Inesploso
1755449;13;14/03/2008 19:30;Strada Urbana;VIA CESARE MACCARI;all'intersezione con;VIA TELEMACO SIGNORINI;VIA TELEMACO SIGNORINI;;;Scontro frontale/laterale DX fra veicoli in marcia;Incrocio;Una carreggiata a doppio senso;Asciutto;Asfaltata;Verticale ed orizzontale;Sereno;Scarso;Buona;Sufficiente;0;0;0;2;;;-1;1;Motociclo a solo;In marcia / fermata / arresto;Conducente;M;Illeso;0;;Non accertato;Inesistente
1755449;13;14/03/2008 19:30;Strada Urbana;VIA CESARE MACCARI;all'intersezione con;VIA TELEMACO SIGNORINI;VIA TELEMACO SIGNORINI;;;Scontro frontale/laterale DX fra veicoli in marcia;Incrocio;Una carreggiata a doppio senso;Asciutto;Asfaltata;Verticale ed orizzontale;Sereno;Scarso;Buona;Sufficiente;0;0;0;2;;;-1;2;Autovettura privata;In marcia / fermata / arresto;Conducente;M;Illeso;0;;Non accertato;Inesploso
1755450;13;14/03/2008 20:00;Strada Urbana;VIA GAETANO PREVIATI;all'intersezione con;VIA GINO BONICHI;VIA GINO BONICHI;;;Scontro frontale fra veicoli in marcia;Incrocio;Una carreggiata a doppio senso;Asciutto;Asfaltata;Assente;Sereno;Normale;Buona;Sufficiente;0;0;0;2;;;-1;1;Autovettura privata;In marcia / fermata / arresto;Conducente;M;Illeso;0;;Non accertato;Inesploso
1755450;13;14/03/2008 20:00;Strada Urbana;VIA GAETANO PREVIATI;all'intersezione con;VIA GINO BONICHI;VIA GINO BONICHI;;;Scontro frontale fra veicoli in marcia;Incrocio;Una carreggiata a doppio senso;Asciutto;Asfaltata;Assente;Sereno;Normale;Buona;Sufficiente;0;0;0;2;;;-1;2;Autovettura privata;In marcia / fermata / arresto;Conducente;F;Illeso;0;;Non accertato;Inesploso
1755451;13;15/03/2008 02:45;Strada Urbana;VIA ERMANNO WOLF FERRARI;in corrispondenza;;del civico n. ;258;;Tamponamento;Rettilineo;Una carreggiata a doppio senso;Asciutto;Asfaltata;Verticale ed orizzontale;Sereno;Scarso;Buona;Sufficiente;0;0;0;4;;;-1;1;Autovettura privata;In marcia / fermata / arresto;Conducente;M;Illeso;0;;Non accertato;Inesistente
1755451;13;15/03/2008 02:45;Strada Urbana;VIA ERMANNO WOLF FERRARI;in corrispondenza;;del civico n. ;258;;Tamponamento;Rettilineo;Una carreggiata a doppio senso;Asciutto;Asfaltata;Verticale ed orizzontale;Sereno;Scarso;Buona;Sufficiente;0;0;0;4;;;-1;1;Autovettura privata;In marcia / fermata / arresto;Passeggero;F;Illeso;0;;Non accertato;Inesistente
1755451;13;15/03/2008 02:45;Strada Urbana;VIA ERMANNO WOLF FERRARI;in corrispondenza;;del civico n. ;258;;Tamponamento;Rettilineo;Una carreggiata a doppio senso;Asciutto;Asfaltata;Verticale ed orizzontale;Sereno;Scarso;Buona;Sufficiente;0;0;0;4;;;-1;2;Autovettura privata;In marcia / fermata / arresto;Conducente;M;Illeso;0;;Non accertato;Inesistente
1755451;13;15/03/2008 02:45;Strada Urbana;VIA ERMANNO WOLF FERRARI;in corrispondenza;;del civico n. ;258;;Tamponamento;Rettilineo;Una carreggiata a doppio senso;Asciutto;Asfaltata;Verticale ed orizzontale;Sereno;Scarso;Buona;Sufficiente;0;0;0;4;;;-1;2;Autovettura privata;In marcia / fermata / arresto;Passeggero;F;Illeso;0;;Non accertato;Inesistente
1755452;13;15/03/2008 11:30;Strada Urbana;VIA DELLE BALENIERE;all'intersezione con;VIADOTTO ATTICO TABACCHI;VIADOTTO ATTICO TABACCHI;;;Scontro frontale/laterale DX fra veicoli in marcia;Intersezione semaforizzata;Due carreggiate;Asciutto;Asfaltata;Verticale ed orizzontale;Sereno;Intenso;Buona;Ore Diurne;0;0;0;3;;;-1;1;Autovettura privata;In marcia / fermata / arresto;Conducente;F;Illeso;0;;Non accertato;Inesploso
1755452;13;15/03/2008 11:30;Strada Urbana;VIA DELLE BALENIERE;all'intersezione con;VIADOTTO ATTICO TABACCHI;VIADOTTO ATTICO TABACCHI;;;Scontro frontale/laterale DX fra veicoli in marcia;Intersezione semaforizzata;Due carreggiate;Asciutto;Asfaltata;Verticale ed orizzontale;Sereno;Intenso;Buona;Ore Diurne;0;0;0;3;;;-1;2;Autovettura privata;In marcia / fermata / arresto;Conducente;M;Illeso;0;;Non accertato;Inesploso
1755452;13;15/03/2008 11:30;Strada Urbana;VIA DELLE BALENIERE;all'intersezione con;VIADOTTO ATTICO TABACCHI;VIADOTTO ATTICO TABACCHI;;;Scontro frontale/laterale DX fra veicoli in marcia;Intersezione semaforizzata;Due carreggiate;Asciutto;Asfaltata;Verticale ed orizzontale;Sereno;Intenso;Buona;Ore Diurne;0;0;0;3;;;-1;2;Autovettura privata;In marcia / fermata / arresto;Passeggero;M;Illeso;0;;Non accertato;Inesploso
1755453;13;15/03/2008 12:20;Strada Urbana;VIALE FRA' ANDREA DI GIOVANNI;da specificare;;;;fermata bus alt.Madre Colomba Gabriel;Tamponamento;Rettilineo;Due carreggiate;Asciutto;Asfaltata;Verticale ed orizzontale;Sereno;Normale;Buona;Ore Diurne;0;1;0;1;;;-1;1;Autobus di linea;In marcia / fermata / arresto;Conducente;M;Illeso;0;;Non accertato;Inesistente
1755453;13;15/03/2008 12:20;Strada Urbana;VIALE FRA' ANDREA DI GIOVANNI;da specificare;;;;fermata bus alt.Madre Colomba Gabriel;Tamponamento;Rettilineo;Due carreggiate;Asciutto;Asfaltata;Verticale ed orizzontale;Sereno;Normale;Buona;Ore Diurne;0;1;0;1;;;-1;2;Ciclomotore;In marcia / fermata / arresto;Conducente;M;Prognosi riservata;0;NON DECEDUTO;Non accertato;Inesistente
1755454;13;15/03/2008 13:15;Strada Urbana;VIA DI MACCHIA SAPONARA;in corrispondenza;;del civico n. ;123;;Investimento di pedone;Rettilineo;Una carreggiata a doppio senso;Asciutto;Asfaltata;Orizzontale;Sereno;Normale;Buona;Ore Diurne;1;0;0;1;;;-1;;;;Pedone;M;Rimandato;0;NON DECEDUTO;;
1755454;13;15/03/2008 13:15;Strada Urbana;VIA DI MACCHIA SAPONARA;in corrispondenza;;del civico n. ;123;;Investimento di pedone;Rettilineo;Una carreggiata a doppio senso;Asciutto;Asfaltata;Orizzontale;Sereno;Normale;Buona;Ore Diurne;1;0;0;1;;;-1;1;Autocarro inferiore 35 q.;In marcia / fermata / arresto;Conducente;M;Illeso;0;;Non accertato;Inesistente
1755455;13;15/03/2008 13:25;Strada Urbana;VIALE DELLA PINETA DI OSTIA;all'intersezione con;VIALE DELLA VITTORIA;VIALE DELLA VITTORIA;;;Scontro frontale/laterale SX fra veicoli in marcia;Incrocio;Una carreggiata a doppio senso;Asciutto;Asfaltata;Verticale ed orizzontale;Sereno;Normale;Buona;Ore Diurne;0;0;0;7;;;-1;1;Autobus di linea;In marcia / fermata / arresto;Conducente;M;Illeso;0;;Esente;Inesistente
1755455;13;15/03/2008 13:25;Strada Urbana;VIALE DELLA PINETA DI OSTIA;all'intersezione con;VIALE DELLA VITTORIA;VIALE DELLA VITTORIA;;;Scontro frontale/laterale SX fra veicoli in marcia;Incrocio;Una carreggiata a doppio senso;Asciutto;Asfaltata;Verticale ed orizzontale;Sereno;Normale;Buona;Ore Diurne;0;0;0;7;;;-1;1;Autobus di linea;In marcia / fermata / arresto;Passeggero;F;Illeso;0;;Esente;Inesistente
1755455;13;15/03/2008 13:25;Strada Urbana;VIALE DELLA PINETA DI OSTIA;all'intersezione con;VIALE DELLA VITTORIA;VIALE DELLA VITTORIA;;;Scontro frontale/laterale SX fra veicoli in marcia;Incrocio;Una carreggiata a doppio senso;Asciutto;Asfaltata;Verticale ed orizzontale;Sereno;Normale;Buona;Ore Diurne;0;0;0;7;;;-1;1;Autobus di linea;In marcia / fermata / arresto;Passeggero;M;Illeso;0;;Esente;Inesistente
1755455;13;15/03/2008 13:25;Strada Urbana;VIALE DELLA PINETA DI OSTIA;all'intersezione con;VIALE DELLA VITTORIA;VIALE DELLA VITTORIA;;;Scontro frontale/laterale SX fra veicoli in marcia;Incrocio;Una carreggiata a doppio senso;Asciutto;Asfaltata;Verticale ed orizzontale;Sereno;Normale;Buona;Ore Diurne;0;0;0;7;;;-1;2;Autovettura privata;In marcia / fermata / arresto;Conducente;M;Illeso;0;;Non accertato;Inesploso
1755455;13;15/03/2008 13:25;Strada Urbana;VIALE DELLA PINETA DI OSTIA;all'intersezione con;VIALE DELLA VITTORIA;VIALE DELLA VITTORIA;;;Scontro frontale/laterale SX fra veicoli in marcia;Incrocio;Una carreggiata a doppio senso;Asciutto;Asfaltata;Verticale ed orizzontale;Sereno;Normale;Buona;Ore Diurne;0;0;0;7;;;-1;2;Autovettura privata;In marcia / fermata / arresto;Passeggero;F;Illeso;0;;Non accertato;Inesploso
1755455;13;15/03/2008 13:25;Strada Urbana;VIALE DELLA PINETA DI OSTIA;all'intersezione con;VIALE DELLA VITTORIA;VIALE DELLA VITTORIA;;;Scontro frontale/laterale SX fra veicoli in marcia;Incrocio;Una carreggiata a doppio senso;Asciutto;Asfaltata;Verticale ed orizzontale;Sereno;Normale;Buona;Ore Diurne;0;0;0;7;;;-1;2;Autovettura privata;In marcia / fermata / arresto;Passeggero;M;Illeso;0;;Non accertato;Inesistente
1755455;13;15/03/2008 13:25;Strada Urbana;VIALE DELLA PINETA DI OSTIA;all'intersezione con;VIALE DELLA VITTORIA;VIALE DELLA VITTORIA;;;Scontro frontale/laterale SX fra veicoli in marcia;Incrocio;Una carreggiata a doppio senso;Asciutto;Asfaltata;Verticale ed orizzontale;Sereno;Normale;Buona;Ore Diurne;0;0;0;7;;;-1;2;Autovettura privata;In marcia / fermata / arresto;Passeggero;F;Illeso;0;;Non accertato;Inesistente
1755456;13;15/03/2008 14:30;Strada Urbana;VIALE PAOLO ORLANDO;all'intersezione con;VIALE DELLA VITTORIA;VIALE DELLA VITTORIA;;;Scontro frontale/laterale DX fra veicoli in marcia;Intersezione semaforizzata;Due carreggiate;Asciutto;Asfaltata;Verticale ed orizzontale;Sereno;Normale;Buona;Ore Diurne;4;0;0;0;;;-1;1;Autovettura privata;In marcia / fermata / arresto;Conducente;M;Rimandato;0;NON DECEDUTO;Non accertato;Esploso
1755456;13;15/03/2008 14:30;Strada Urbana;VIALE PAOLO ORLANDO;all'intersezione con;VIALE DELLA VITTORIA;VIALE DELLA VITTORIA;;;Scontro frontale/laterale DX fra veicoli in marcia;Intersezione semaforizzata;Due carreggiate;Asciutto;Asfaltata;Verticale ed orizzontale;Sereno;Normale;Buona;Ore Diurne;4;0;0;0;;;-1;1;Autovettura privata;In marcia / fermata / arresto;Passeggero;F;Rimandato;0;NON DECEDUTO;Non accertato;Esploso
1755456;13;15/03/2008 14:30;Strada Urbana;VIALE PAOLO ORLANDO;all'intersezione con;VIALE DELLA VITTORIA;VIALE DELLA VITTORIA;;;Scontro frontale/laterale DX fra veicoli in marcia;Intersezione semaforizzata;Due carreggiate;Asciutto;Asfaltata;Verticale ed orizzontale;Sereno;Normale;Buona;Ore Diurne;4;0;0;0;;;-1;2;Autovettura privata;In marcia / fermata / arresto;Conducente;M;Rimandato;0;NON DECEDUTO;Non accertato;Esploso
1755456;13;15/03/2008 14:30;Strada Urbana;VIALE PAOLO ORLANDO;all'intersezione con;VIALE DELLA VITTORIA;VIALE DELLA VITTORIA;;;Scontro frontale/laterale DX fra veicoli in marcia;Intersezione semaforizzata;Due carreggiate;Asciutto;Asfaltata;Verticale ed orizzontale;Sereno;Normale;Buona;Ore Diurne;4;0;0;0;;;-1;2;Autovettura privata;In marcia / fermata / arresto;Passeggero;M;Rimandato;0;NON DECEDUTO;Non accertato;Esploso
1755457;13;15/03/2008 17:45;Provinciale entro l'abitato;VIA OSTIENSE;all'intersezione con;VIA ALBI;VIA ALBI;;;Scontro frontale fra veicoli in marcia;Incrocio;Una carreggiata a doppio senso;Asciutto;Asfaltata;Verticale ed orizzontale;Sereno;Normale;Buona;Ore Diurne;1;0;0;2;;;-1;1;Autovettura privata;In marcia / fermata / arresto;Conducente;F;Illeso;0;;Non accertato;Inesistente