Protocollo;Gruppo;DataOraIncidente;Localizzazione1;STRADA1;Localizzazione2;STRADA2;Strada02;Chilometrica;DaSpecificare;NaturaIncidente;particolaritastrade;TipoStrada;FondoStradale;Pavimentazione;Segnaletica;CondizioneAtmosferica;Traffico;Visibilita;Illuminazione;NUM_FERITI;NUM_RISERVATA;NUM_MORTI;NUM_ILLESI;Longitudine;Latitudine;Confermato;Progressivo;TipoVeicolo;StatoVeicolo;TipoPersona;Sesso;Tipolesione;Deceduto;DecedutoDopo;CinturaCascoUtilizzato;Airbag
1758754;11;22/03/2008 14:00;Strada Urbana;VIA ARDEATINA;in corrispondenza;;del civico n. ;354;;Tamponamento;Rettilineo;Una carreggiata a doppio senso;Bagnato (pioggia);Asfaltata;Verticale ed orizzontale;Pioggia in atto;Scarso;Buona;Ore Diurne;0;0;0;2;;;-1;1;Autovettura privata;In marcia / fermata / arresto;Conducente;F;Illeso;0;;Utilizzato;Inesistente
1758754;11;22/03/2008 14:00;Strada Urbana;VIA ARDEATINA;in corrispondenza;;del civico n. ;354;;Tamponamento;Rettilineo;Una carreggiata a doppio senso;Bagnato (pioggia);Asfaltata;Verticale ed orizzontale;Pioggia in atto;Scarso;Buona;Ore Diurne;0;0;0;2;;;-1;2;Autovettura privata;In marcia / fermata / arresto;Conducente;M;Illeso;0;;Utilizzato;Inesistente
1758755;11;22/03/2008 18:55;Strada Urbana;VIA LAURENTINA;in corrispondenza;;del civico n. ;455;;Infortunio per caduta del veicolo;Rettilineo;Due carreggiate;Bagnato (umidità in atto);Con buche;Orizzontale;Nuvoloso;Normale;Sufficiente;Sufficiente;0;0;0;1;;;-1;1;Autovettura privata;In marcia / fermata / arresto;Conducente;M;Illeso;0;;Utilizzato;Inesistente
1758756;11;22/03/2008 19:00;Strada Urbana;VIA LAURENTINA;in corrispondenza;;del civico n. ;455;;Scontro frontale fra veicoli in marcia;Rettilineo;Due carreggiate;Bagnato (umidità in atto);Con buche;Orizzontale;Nuvoloso;Normale;Sufficiente;Sufficiente;0;0;0;1;;;-1;1;Autovettura privata;In marcia / fermata / arresto;Conducente;F;Illeso;0;;Non accertato;Inesistente
1758757;11;22/03/2008 19:00;Strada Urbana;VIA LAURENTINA;in prossimità;;del civico n. ;455;;Scontro frontale fra veicoli in marcia;Rettilineo;Due carreggiate;Bagnato (umidità in atto);Con buche;Orizzontale;Nuvoloso;Normale;Sufficiente;Sufficiente;0;0;0;1;;;-1;1;Autovettura privata;In marcia / fermata / arresto;Conducente;M;Illeso;0;;Non accertato;Inesistente
1758758;11;23/03/2008 13:05;Statale entro l'abitato;VIA OSTIENSE;all'intersezione con;VIA DEL MARE;VIA DEL MARE;;;Tamponamento;Intersezione stradale segnalata;Più di due carreggiate;Bagnato (pioggia);Asfaltata;Verticale ed orizzontale;Pioggia in atto;Scarso;Buona;Ore Diurne;0;0;0;3;;;-1;1;Autovettura privata;In marcia / fermata / arresto;Conducente;M;Illeso;0;;Utilizzato;Inesistente
1758758;11;23/03/2008 13:05;Statale entro l'abitato;VIA OSTIENSE;all'intersezione con;VIA DEL MARE;VIA DEL MARE;;;Tamponamento;Intersezione stradale segnalata;Più di due carreggiate;Bagnato (pioggia);Asfaltata;Verticale ed orizzontale;Pioggia in atto;Scarso;Buona;Ore Diurne;0;0;0;3;;;-1;2;Autovettura privata;In marcia / fermata / arresto;Conducente;M;Illeso;0;;Utilizzato;Inesploso
1758758;11;23/03/2008 13:05;Statale entro l'abitato;VIA OSTIENSE;all'intersezione con;VIA DEL MARE;VIA DEL MARE;;;Tamponamento;Intersezione stradale segnalata;Più di due carreggiate;Bagnato (pioggia);Asfaltata;Verticale ed orizzontale;Pioggia in atto;Scarso;Buona;Ore Diurne;0;0;0;3;;;-1;3;Autovettura privata;In marcia / fermata / arresto;Conducente;F;Illeso;0;;Utilizzato;Inesploso
1758759;11;24/03/2008 03:00;Strada Urbana;VIA CRISTOFORO COLOMBO;in prossimità;;del palo luce n. ;182;;Scontro laterale fra veicoli in marcia;Rettilineo;Più di due carreggiate;Bagnato (pioggia);Asfaltata;Verticale ed orizzontale;Nuvoloso;Scarso;Sufficiente;Sufficiente;0;0;0;5;;;-1;1;Autovettura privata;In marcia / fermata / arresto;Passeggero;F;Illeso;0;;Utilizzato;Inesploso
1758759;11;24/03/2008 03:00;Strada Urbana;VIA CRISTOFORO COLOMBO;in prossimità;;del palo luce n. ;182;;Scontro laterale fra veicoli in marcia;Rettilineo;Più di due carreggiate;Bagnato (pioggia);Asfaltata;Verticale ed orizzontale;Nuvoloso;Scarso;Sufficiente;Sufficiente;0;0;0;5;;;-1;1;Autovettura privata;In marcia / fermata / arresto;Conducente;M;Illeso;0;;Non accertato;Esploso
1758759;11;24/03/2008 03:00;Strada Urbana;VIA CRISTOFORO COLOMBO;in prossimità;;del palo luce n. ;182;;Scontro laterale fra veicoli in marcia;Rettilineo;Più di due carreggiate;Bagnato (pioggia);Asfaltata;Verticale ed orizzontale;Nuvoloso;Scarso;Sufficiente;Sufficiente;0;0;0;5;;;-1;2;Autovettura privata;In marcia / fermata / arresto;Conducente;M;Illeso;0;;Non accertato;Inesistente
1758759;11;24/03/2008 03:00;Strada Urbana;VIA CRISTOFORO COLOMBO;in prossimità;;del palo luce n. ;182;;Scontro laterale fra veicoli in marcia;Rettilineo;Più di due carreggiate;Bagnato (pioggia);Asfaltata;Verticale ed orizzontale;Nuvoloso;Scarso;Sufficiente;Sufficiente;0;0;0;5;;;-1;2;Autovettura privata;In marcia / fermata / arresto;Passeggero;M;Illeso;0;;Utilizzato;Inesistente
1758759;11;24/03/2008 03:00;Strada Urbana;VIA CRISTOFORO COLOMBO;in prossimità;;del palo luce n. ;182;;Scontro laterale fra veicoli in marcia;Rettilineo;Più di due carreggiate;Bagnato (pioggia);Asfaltata;Verticale ed orizzontale;Nuvoloso;Scarso;Sufficiente;Sufficiente;0;0;0;5;;;-1;2;Autovettura privata;In marcia / fermata / arresto;Passeggero;M;Illeso;0;;Utilizzato;Inesistente
1758760;11;24/03/2008 03:00;Strada Urbana;VIA CRISTOFORO COLOMBO;all'intersezione semaforizzata con;PIAZZA DEI NAVIGATORI;PIAZZA DEI NAVIGATORI;;;Veicolo in marcia contro ostacolo fisso;Incrocio;Più di due carreggiate;Asciutto;Asfaltata;Verticale ed orizzontale;Nuvoloso;Scarso;Buona;Sufficiente;0;0;0;1;;;-1;1;Autovettura privata;In marcia / fermata / arresto;Conducente;M;Illeso;0;;Non accertato;Inesistente
1758761;11;25/03/2008 09:30;Strada Urbana;VIA CRISTOFORO COLOMBO;all'intersezione semaforizzata con;VIA GIOVANNI GENOCCHI;VIA GIOVANNI GENOCCHI;;;Tamponamento;Intersezione semaforizzata;Più di due carreggiate;Bagnato (umidità in atto);Asfaltata;Verticale ed orizzontale;Nuvoloso;Normale;Buona;Ore Diurne;0;0;0;3;;;-1;1;Autovettura privata;In marcia / fermata / arresto;Conducente;F;Illeso;0;;Non accertato;Inesploso
1758761;11;25/03/2008 09:30;Strada Urbana;VIA CRISTOFORO COLOMBO;all'intersezione semaforizzata con;VIA GIOVANNI GENOCCHI;VIA GIOVANNI GENOCCHI;;;Tamponamento;Intersezione semaforizzata;Più di due carreggiate;Bagnato (umidità in atto);Asfaltata;Verticale ed orizzontale;Nuvoloso;Normale;Buona;Ore Diurne;0;0;0;3;;;-1;1;Autovettura privata;In marcia / fermata / arresto;Passeggero;F;Illeso;0;;Non accertato;Inesploso
1758761;11;25/03/2008 09:30;Strada Urbana;VIA CRISTOFORO COLOMBO;all'intersezione semaforizzata con;VIA GIOVANNI GENOCCHI;VIA GIOVANNI GENOCCHI;;;Tamponamento;Intersezione semaforizzata;Più di due carreggiate;Bagnato (umidità in atto);Asfaltata;Verticale ed orizzontale;Nuvoloso;Normale;Buona;Ore Diurne;0;0;0;3;;;-1;2;Autocarro superiore 35 q.;In marcia / fermata / arresto;Conducente;M;Illeso;0;;Non accertato;Inesistente
1758762;11;25/03/2008 12:15;Strada Urbana;VIA CAPITAN BAVASTRO;in corrispondenza;;del civico n. ;194;;Scontro laterale fra veicoli in marcia;Rettilineo;Due carreggiate;Asciutto;Asfaltata;Verticale ed orizzontale;Sereno;Scarso;Buona;Ore Diurne;0;0;0;2;;;-1;1;Motociclo con passeggero;In marcia / fermata / arresto;Conducente;M;Illeso;0;;Non accertato;Inesistente
1758762;11;25/03/2008 12:15;Strada Urbana;VIA CAPITAN BAVASTRO;in corrispondenza;;del civico n. ;194;;Scontro laterale fra veicoli in marcia;Rettilineo;Due carreggiate;Asciutto;Asfaltata;Verticale ed orizzontale;Sereno;Scarso;Buona;Ore Diurne;0;0;0;2;;;-1;2;Autovettura privata;In marcia / fermata / arresto;Conducente;F;Illeso;0;;Non accertato;Inesistente
1758763;11;26/03/2008 09:00;Strada Urbana;VIALE DI TOR MARANCIA;in corrispondenza;;del civico n. ;6;;Scontro laterale fra veicoli in marcia;Rettilineo;Due carreggiate;Asciutto;Asfaltata;Verticale ed orizzontale;Nuvoloso;Normale;Buona;Ore Diurne;1;0;0;1;;;-1;1;Autovettura privata;In marcia / fermata / arresto;Conducente;M;Illeso;0;;Utilizzato;Inesistente
1758763;11;26/03/2008 09:00;Strada Urbana;VIALE DI TOR MARANCIA;in corrispondenza;;del civico n. ;6;;Scontro laterale fra veicoli in marcia;Rettilineo;Due carreggiate;Asciutto;Asfaltata;Verticale ed orizzontale;Nuvoloso;Normale;Buona;Ore Diurne;1;0;0;1;;;-1;2;Motociclo a solo;In marcia / fermata / arresto;Conducente;M;Rimandato;0;NON DECEDUTO;Utilizzato;Inesistente
1758780;16;14/03/2008 10:20;Strada Urbana;PIAZZA DI S. PANCRAZIO;in prossimità;;del civico n. ;9;;Tamponamento Multiplo;Curva a visuale libera;Più di due carreggiate;Asciutto;Asfaltata;Verticale ed orizzontale;Sereno;Normale;Buona;Ore Diurne;1;0;0;3;;;-1;1;Autovettura privata;In marcia / fermata / arresto;Conducente;M;Illeso;0;;Non accertato;Inesistente
1758780;16;14/03/2008 10:20;Strada Urbana;PIAZZA DI S. PANCRAZIO;in prossimità;;del civico n. ;9;;Tamponamento Multiplo;Curva a visuale libera;Più di due carreggiate;Asciutto;Asfaltata;Verticale ed orizzontale;Sereno;Normale;Buona;Ore Diurne;1;0;0;3;;;-1;1;Autovettura privata;In marcia / fermata / arresto;Passeggero;F;Illeso;0;;Non accertato;Inesistente
1758780;16;14/03/2008 10:20;Strada Urbana;PIAZZA DI S. PANCRAZIO;in prossimità;;del civico n. ;9;;Tamponamento Multiplo;Curva a visuale libera;Più di due carreggiate;Asciutto;Asfaltata;Verticale ed orizzontale;Sereno;Normale;Buona;Ore Diurne;1;0;0;3;;;-1;2;Autovettura privata;In marcia / fermata / arresto;Conducente;M;Illeso;0;;Non accertato;Inesistente
1758780;16;14/03/2008 10:20;Strada Urbana;PIAZZA DI S. PANCRAZIO;in prossimità;;del civico n. ;9;;Tamponamento Multiplo;Curva a visuale libera;Più di due carreggiate;Asciutto;Asfaltata;Verticale ed orizzontale;Sereno;Normale;Buona;Ore Diurne;1;0;0;3;;;-1;3;Motociclo a solo;In marcia / fermata / arresto;Conducente;F;Rimandato;0;NON DECEDUTO;Non accertato;Inesistente
1758781;16;14/03/2008 14:15;Strada Urbana;VIALE DEI QUATTRO VENTI;all'intersezione con;PIAZZALE DEI QUATTRO VENTI;PIAZZALE DEI QUATTRO VENTI;;;Tamponamento;Intersezione stradale segnalata;Una carreggiata a doppio senso;Asciutto;Asfaltata;Verticale ed orizzontale;Sereno;Normale;Buona;Ore Diurne;0;0;0;4;;;-1;1;Autovettura privata;In marcia / fermata / arresto;Conducente;F;Illeso;0;;Non accertato;Inesistente
1758781;16;14/03/2008 14:15;Strada Urbana;VIALE DEI QUATTRO VENTI;all'intersezione con;PIAZZALE DEI QUATTRO VENTI;PIAZZALE DEI QUATTRO VENTI;;;Tamponamento;Intersezione stradale segnalata;Una carreggiata a doppio senso;Asciutto;Asfaltata;Verticale ed orizzontale;Sereno;Normale;Buona;Ore Diurne;0;0;0;4;;;-1;1;Autovettura privata;In marcia / fermata / arresto;Passeggero;F;Illeso;0;;Non accertato;Inesistente
1758781;16;14/03/2008 14:15;Strada Urbana;VIALE DEI QUATTRO VENTI;all'intersezione con;PIAZZALE DEI QUATTRO VENTI;PIAZZALE DEI QUATTRO VENTI;;;Tamponamento;Intersezione stradale segnalata;Una carreggiata a doppio senso;Asciutto;Asfaltata;Verticale ed orizzontale;Sereno;Normale;Buona;Ore Diurne;0;0;0;4;;;-1;1;Autovettura privata;In marcia / fermata / arresto;Passeggero;M;Illeso;0;;Non accertato;Inesistente
1758781;16;14/03/2008 14:15;Strada Urbana;VIALE DEI QUATTRO VENTI;all'intersezione con;PIAZZALE DEI QUATTRO VENTI;PIAZZALE DEI QUATTRO VENTI;;;Tamponamento;Intersezione stradale segnalata;Una carreggiata a doppio senso;Asciutto;Asfaltata;Verticale ed orizzontale;Sereno;Normale;Buona;Ore Diurne;0;0;0;4;;;-1;2;Autovettura privata;In marcia / fermata / arresto;Conducente;F;Illeso;0;;Non accertato;Inesistente
1758819;4;28/03/2008 09:45;Strada Urbana;VIA DELLE ISOLE CURZOLANE;in prossimità;;del civico n. ;32/34;;Scontro frontale/laterale DX fra veicoli in marcia;Rettilineo;Due carreggiate;Bagnato (pioggia);Asfaltata;Verticale ed orizzontale;Nuvoloso;Normale;Buona;Ore Diurne;1;0;0;1;;;-1;1;Autovettura privata;In marcia / fermata / arresto;Conducente;M;Illeso;0;;Utilizzato;Inesistente
1758819;4;28/03/2008 09:45;Strada Urbana;VIA DELLE ISOLE CURZOLANE;in prossimità;;del civico n. ;32/34;;Scontro frontale/laterale DX fra veicoli in marcia;Rettilineo;Due carreggiate;Bagnato (pioggia);Asfaltata;Verticale ed orizzontale;Nuvoloso;Normale;Buona;Ore Diurne;1;0;0;1;;;-1;2;Motociclo a solo;In marcia / fermata / arresto;Conducente;M;Rifiuta cure immediate;0;NON DECEDUTO;Utilizzato;Inesistente
1758820;4;28/03/2008 18:00;Strada Urbana;VIALE CESCO BASEGGIO;in prossimità;;del civico n. ;54;;Scontro laterale fra veicoli in marcia;Rettilineo;Due carreggiate;Asciutto;Asfaltata;Verticale ed orizzontale;Sereno;Scarso;Buona;Ore Diurne;0;0;0;4;;;-1;1;Motociclo con passeggero;In marcia / fermata / arresto;Conducente;M;Illeso;0;;Non accertato;Inesistente
1758820;4;28/03/2008 18:00;Strada Urbana;VIALE CESCO BASEGGIO;in prossimità;;del civico n. ;54;;Scontro laterale fra veicoli in marcia;Rettilineo;Due carreggiate;Asciutto;Asfaltata;Verticale ed orizzontale;Sereno;Scarso;Buona;Ore Diurne;0;0;0;4;;;-1;1;Motociclo con passeggero;In marcia / fermata / arresto;Passeggero;M;Illeso;0;;Non accertato;Inesistente
1758820;4;28/03/2008 18:00;Strada Urbana;VIALE CESCO BASEGGIO;in prossimità;;del civico n. ;54;;Scontro laterale fra veicoli in marcia;Rettilineo;Due carreggiate;Asciutto;Asfaltata;Verticale ed orizzontale;Sereno;Scarso;Buona;Ore Diurne;0;0;0;4;;;-1;2;Autovettura privata;In marcia / fermata / arresto;Conducente;M;Illeso;0;;Non accertato;Inesistente
1758820;4;28/03/2008 18:00;Strada Urbana;VIALE CESCO BASEGGIO;in prossimità;;del civico n. ;54;;Scontro laterale fra veicoli in marcia;Rettilineo;Due carreggiate;Asciutto;Asfaltata;Verticale ed orizzontale;Sereno;Scarso;Buona;Ore Diurne;0;0;0;4;;;-1;2;Autovettura privata;In marcia / fermata / arresto;Passeggero;F;Illeso;0;;Non accertato;Inesistente
1758821;4;28/03/2008 19:00;Statale entro l'abitato;VIA SALARIA;in prossimità;;del civico n. ;851;;Tamponamento Multiplo;Rettilineo;Due carreggiate;Asciutto;Asfaltata;Verticale ed orizzontale;Sereno;Intenso;Sufficiente;Sufficiente;1;0;0;2;;;-1;1;Autovettura privata;In marcia / fermata / arresto;Conducente;F;Illeso;0;;Non accertato;Inesistente
1758821;4;28/03/2008 19:00;Statale entro l'abitato;VIA SALARIA;in prossimità;;del civico n. ;851;;Tamponamento Multiplo;Rettilineo;Due carreggiate;Asciutto;Asfaltata;Verticale ed orizzontale;Sereno;Intenso;Sufficiente;Sufficiente;1;0;0;2;;;-1;2;Autovettura privata;In marcia / fermata / arresto;Conducente;M;Illeso;0;;Non accertato;Inesistente
1758821;4;28/03/2008 19:00;Statale entro l'abitato;VIA SALARIA;in prossimità;;del civico n. ;851;;Tamponamento Multiplo;Rettilineo;Due carreggiate;Asciutto;Asfaltata;Verticale ed orizzontale;Sereno;Intenso;Sufficiente;Sufficiente;1;0;0;2;;;-1;3;Autovettura privata;In marcia / fermata / arresto;Conducente;M;Ricoverato;0;NON DECEDUTO;Non accertato;Inesistente
1758822;4;29/03/2008 12:00;Strada Urbana;VIA MONTE URANO;in corrispondenza;;del civico n. ;37;;Tamponamento Multiplo;Rettilineo;Una carreggiata a senso unico di marcia;Asciutto;Asfaltata;Assente;Sereno;Intenso;Buona;Ore Diurne;1;0;0;2;;;-1;1;Autovettura privata;In marcia / fermata / arresto;Conducente;F;Illeso;0;;Non accertato;Inesploso
1758822;4;29/03/2008 12:00;Strada Urbana;VIA MONTE URANO;in corrispondenza;;del civico n. ;37;;Tamponamento Multiplo;Rettilineo;Una carreggiata a senso unico di marcia;Asciutto;Asfaltata;Assente;Sereno;Intenso;Buona;Ore Diurne;1;0;0;2;;;-1;2;Motociclo a solo;In marcia / fermata / arresto;Conducente;M;Rifiuta cure immediate;0;NON DECEDUTO;Non accertato;Inesistente
1758822;4;29/03/2008 12:00;Strada Urbana;VIA MONTE URANO;in corrispondenza;;del civico n. ;37;;Tamponamento Multiplo;Rettilineo;Una carreggiata a senso unico di marcia;Asciutto;Asfaltata;Assente;Sereno;Intenso;Buona;Ore Diurne;1;0;0;2;;;-1;3;Autovettura privata;In marcia / fermata / arresto;Conducente;F;Illeso;0;;Non accertato;Inesploso
1758823;4;29/03/2008 14:10;Strada Urbana;VIA MONTE CERVIALTO;all'intersezione semaforizzata con;VIA ALESSANDRO FORTIS;VIA ALESSANDRO FORTIS;;;Scontro laterale fra veicoli in marcia;Incrocio;Più di due carreggiate;Asciutto;Asfaltata;Verticale ed orizzontale;Sereno;Normale;Buona;Ore Diurne;0;0;0;5;;;-1;1;Autovettura privata;In marcia / fermata / arresto;Conducente;F;Illeso;0;;Non accertato;Inesistente
1758823;4;29/03/2008 14:10;Strada Urbana;VIA MONTE CERVIALTO;all'intersezione semaforizzata con;VIA ALESSANDRO FORTIS;VIA ALESSANDRO FORTIS;;;Scontro laterale fra veicoli in marcia;Incrocio;Più di due carreggiate;Asciutto;Asfaltata;Verticale ed orizzontale;Sereno;Normale;Buona;Ore Diurne;0;0;0;5;;;-1;2;Autovettura privata;In marcia / fermata / arresto;Conducente;M;Illeso;0;;Non accertato;Inesploso
1758823;4;29/03/2008 14:10;Strada Urbana;VIA MONTE CERVIALTO;all'intersezione semaforizzata con;VIA ALESSANDRO FORTIS;VIA ALESSANDRO FORTIS;;;Scontro laterale fra veicoli in marcia;Incrocio;Più di due carreggiate;Asciutto;Asfaltata;Verticale ed orizzontale;Sereno;Normale;Buona;Ore Diurne;0;0;0;5;;;-1;2;Autovettura privata;In marcia / fermata / arresto;Passeggero;F;Illeso;0;;Non accertato;Inesistente
1758823;4;29/03/2008 14:10;Strada Urbana;VIA MONTE CERVIALTO;all'intersezione semaforizzata con;VIA ALESSANDRO FORTIS;VIA ALESSANDRO FORTIS;;;Scontro laterale fra veicoli in marcia;Incrocio;Più di due carreggiate;Asciutto;Asfaltata;Verticale ed orizzontale;Sereno;Normale;Buona;Ore Diurne;0;0;0;5;;;-1;2;Autovettura privata;In marcia / fermata / arresto;Passeggero;F;Illeso;0;;Non accertato;Inesistente
1758823;4;29/03/2008 14:10;Strada Urbana;VIA MONTE CERVIALTO;all'intersezione semaforizzata con;VIA ALESSANDRO FORTIS;VIA ALESSANDRO FORTIS;;;Scontro laterale fra veicoli in marcia;Incrocio;Più di due carreggiate;Asciutto;Asfaltata;Verticale ed orizzontale;Sereno;Normale;Buona;Ore Diurne;0;0;0;5;;;-1;2;Autovettura privata;In marcia / fermata / arresto;Passeggero;M;Illeso;0;;Non accertato;Inesistente
1758824;4;29/03/2008 15:10;Strada Urbana;VIALE JONIO;all'intersezione semaforizzata con;VIA CAPRAIA;VIA CAPRAIA;;;Scontro frontale/laterale DX fra veicoli in marcia;Incrocio;Due carreggiate;Asciutto;Asfaltata;Verticale ed orizzontale;Sereno;Normale;Buona;Ore Diurne;1;0;0;1;;;-1;1;Motociclo a solo;In marcia / fermata / arresto;Conducente;M;Rimandato;0;NON DECEDUTO;Non accertato;Inesistente
1758824;4;29/03/2008 15:10;Strada Urbana;VIALE JONIO;all'intersezione semaforizzata con;VIA CAPRAIA;VIA CAPRAIA;;;Scontro frontale/laterale DX fra veicoli in marcia;Incrocio;Due carreggiate;Asciutto;Asfaltata;Verticale ed orizzontale;Sereno;Normale;Buona;Ore Diurne;1;0;0;1;;;-1;2;Autovettura privata;In marcia / fermata / arresto;Conducente;M;Illeso;0;;Non accertato;Inesistente
1758825;4;29/03/2008 18:05;Strada Urbana;VIA NOMENTANA;all'intersezione semaforizzata con;VIA VAL D'AOSTA;VIA VAL D'AOSTA;;;Scontro frontale/laterale SX fra veicoli in marcia;Intersezione semaforizzata;Due carreggiate;Asciutto;Asfaltata;Verticale ed orizzontale;Sereno;Intenso;Buona;Ore Diurne;0;0;0;3;;;-1;1;Autovettura privata;In marcia / fermata / arresto;Conducente;M;Illeso;0;;Non accertato;Inesploso
1758825;4;29/03/2008 18:05;Strada Urbana;VIA NOMENTANA;all'intersezione semaforizzata con;VIA VAL D'AOSTA;VIA VAL D'AOSTA;;;Scontro frontale/laterale SX fra veicoli in marcia;Intersezione semaforizzata;Due carreggiate;Asciutto;Asfaltata;Verticale ed orizzontale;Sereno;Intenso;Buona;Ore Diurne;0;0;0;3;;;-1;1;Autovettura privata;In marcia / fermata / arresto;Passeggero;F;Illeso;0;;Non accertato;Inesistente
1758825;4;29/03/2008 18:05;Strada Urbana;VIA NOMENTANA;all'intersezione semaforizzata con;VIA VAL D'AOSTA;VIA VAL D'AOSTA;;;Scontro frontale/laterale SX fra veicoli in marcia;Intersezione semaforizzata;Due carreggiate;Asciutto;Asfaltata;Verticale ed orizzontale;Sereno;Intenso;Buona;Ore Diurne;0;0;0;3;;;-1;2;Motociclo a solo;In marcia / fermata / arresto;Conducente;F;Illeso;0;;Non accertato;Inesistente
1758828;5;12/03/2008 12:00;Statale entro l'abitato;VIA TIBURTINA;da specificare;;;;prossimità via Camesena;Scontro laterale fra veicoli in marcia;Rettilineo;Una carreggiata a doppio senso;Asciutto;Asfaltata;Orizzontale;Nuvoloso;Normale;Buona;Ore Diurne;1;0;0;2;;;-1;1;Autovettura privata;In marcia / fermata / arresto;Conducente;M;Illeso;0;;Non accertato;Inesistente
1758828;5;12/03/2008 12:00;Statale entro l'abitato;VIA TIBURTINA;da specificare;;;;prossimità via Camesena;Scontro laterale fra veicoli in marcia;Rettilineo;Una carreggiata a doppio senso;Asciutto;Asfaltata;Orizzontale;Nuvoloso;Normale;Buona;Ore Diurne;1;0;0;2;;;-1;1;Autovettura privata;In marcia / fermata / arresto;Passeggero;M;Illeso;0;;Non accertato;Inesistente
1758828;5;12/03/2008 12:00;Statale entro l'abitato;VIA TIBURTINA;da specificare;;;;prossimità via Camesena;Scontro laterale fra veicoli in marcia;Rettilineo;Una carreggiata a doppio senso;Asciutto;Asfaltata;Orizzontale;Nuvoloso;Normale;Buona;Ore Diurne;1;0;0;2;;;-1;2;Motociclo a solo;In marcia / fermata / arresto;Conducente;M;Rimandato;0;NON DECEDUTO;Non accertato;Inesistente
1758829;5;27/03/2008 20:00;Statale entro l'abitato;VIA TIBURTINA;all'intersezione con;VIA GALLA PLACIDIA;VIA GALLA PLACIDIA;;;Scontro frontale/laterale SX fra veicoli in marcia;Incrocio;Una carreggiata a senso unico di marcia;Bagnato (pioggia);Asfaltata;Verticale ed orizzontale;Pioggia in atto;Normale;Buona;Sufficiente;0;0;0;2;;;-1;1;Motociclo a solo;In marcia / fermata / arresto;Conducente;M;Illeso;0;;Non accertato;Inesistente
1758829;5;27/03/2008 20:00;Statale entro l'abitato;VIA TIBURTINA;all'intersezione con;VIA GALLA PLACIDIA;VIA GALLA PLACIDIA;;;Scontro frontale/laterale SX fra veicoli in marcia;Incrocio;Una carreggiata a senso unico di marcia;Bagnato (pioggia);Asfaltata;Verticale ed orizzontale;Pioggia in atto;Normale;Buona;Sufficiente;0;0;0;2;;;-1;2;Autovettura privata;In marcia / fermata / arresto;Conducente;F;Illeso;0;;Non accertato;Inesistente
1758830;5;28/03/2008 21:45;Strada Urbana;VIA TIBURTINA;da specificare;;;;alt. civico 370;Investimento di pedone;Rettilineo;Più di due carreggiate;Asciutto;Asfaltata;Verticale ed orizzontale;Sereno;Scarso;Buona;Sufficiente;1;0;0;1;;;-1;;;;Pedone;F;Rimandato;0;NON DECEDUTO;;
1758830;5;28/03/2008 21:45;Strada Urbana;VIA TIBURTINA;da specificare;;;;alt. civico 370;Investimento di pedone;Rettilineo;Più di due carreggiate;Asciutto;Asfaltata;Verticale ed orizzontale;Sereno;Scarso;Buona;Sufficiente;1;0;0;1;;;-1;1;Autovettura privata;In marcia / fermata / arresto;Conducente;M;Illeso;0;;Non accertato;Inesistente
1758831;5;30/03/2008 12:10;Statale entro l'abitato;VIA TIBURTINA;da specificare;;;;a 50 metri da via B. Gianni.;Tamponamento;Rettilineo;Una carreggiata a doppio senso;Asciutto;Asfaltata;Orizzontale;Sereno;Normale;Buona;Ore Diurne;0;0;0;6;;;-1;1;Autovettura privata;In marcia / fermata / arresto;Conducente;F;Illeso;0;;Non accertato;Inesistente
1758831;5;30/03/2008 12:10;Statale entro l'abitato;VIA TIBURTINA;da specificare;;;;a 50 metri da via B. Gianni.;Tamponamento;Rettilineo;Una carreggiata a doppio senso;Asciutto;Asfaltata;Orizzontale;Sereno;Normale;Buona;Ore Diurne;0;0;0;6;;;-1;1;Autovettura privata;In marcia / fermata / arresto;Passeggero;M;Illeso;0;;Non accertato;Inesistente
1758831;5;30/03/2008 12:10;Statale entro l'abitato;VIA TIBURTINA;da specificare;;;;a 50 metri da via B. Gianni.;Tamponamento;Rettilineo;Una carreggiata a doppio senso;Asciutto;Asfaltata;Orizzontale;Sereno;Normale;Buona;Ore Diurne;0;0;0;6;;;-1;1;Autovettura privata;In marcia / fermata / arresto;Passeggero;F;Illeso;0;;Non accertato;Inesistente
1758831;5;30/03/2008 12:10;Statale entro l'abitato;VIA TIBURTINA;da specificare;;;;a 50 metri da via B. Gianni.;Tamponamento;Rettilineo;Una carreggiata a doppio senso;Asciutto;Asfaltata;Orizzontale;Sereno;Normale;Buona;Ore Diurne;0;0;0;6;;;-1;2;Autovettura privata;In marcia / fermata / arresto;Conducente;M;Illeso;0;;Non accertato;Inesistente
1758831;5;30/03/2008 12:10;Statale entro l'abitato;VIA TIBURTINA;da specificare;;;;a 50 metri da via B. Gianni.;Tamponamento;Rettilineo;Una carreggiata a doppio senso;Asciutto;Asfaltata;Orizzontale;Sereno;Normale;Buona;Ore Diurne;0;0;0;6;;;-1;2;Autovettura privata;In marcia / fermata / arresto;Passeggero;F;Illeso;0;;Non accertato;Inesistente
1758831;5;30/03/2008 12:10;Statale entro l'abitato;VIA TIBURTINA;da specificare;;;;a 50 metri da via B. Gianni.;Tamponamento;Rettilineo;Una carreggiata a doppio senso;Asciutto;Asfaltata;Orizzontale;Sereno;Normale;Buona;Ore Diurne;0;0;0;6;;;-1;2;Autovettura privata;In marcia / fermata / arresto;Passeggero;F;Illeso;0;;Non accertato;Inesistente